transaction_id,Product1,Product2,Product3
1,juice,salsa,bread
2,bread,egg,dairy
3,juice,fruits,dairy
4,salad,butter,egg
5,butter,salad,dairy
6,bread,egg,salad
7,egg,dairy,bread
8,butter,dairy,salsa
9,salsa,dairy,salad
10,fruits,egg,salad
11,fruits,juice,egg
12,fruits,salsa,butter
13,bread,dairy,salsa
14,egg,juice,butter
15,dairy,egg,juice
16,fruits,dairy,bread
17,bread,egg,dairy
18,salsa,bread,butter
19,dairy,juice,fruits
20,bread,dairy,juice
21,salsa,egg,salad
22,juice,salsa,butter
23,fruits,egg,bread
24,fruits,salad,butter
25,butter,bread,dairy
26,bread,salad,egg
27,egg,butter,bread
28,dairy,fruits,salad
29,salsa,fruits,juice
30,dairy,bread,egg
31,egg,bread,butter
32,dairy,salad,egg
33,fruits,juice,bread
34,egg,salsa,salad
35,dairy,salsa,bread
36,dairy,butter,fruits
37,salad,fruits,bread
38,bread,dairy,butter
39,salad,juice,bread
40,bread,egg,juice
41,dairy,salsa,butter
42,egg,bread,salad
43,butter,egg,juice
44,fruits,butter,salsa
45,egg,butter,dairy
46,fruits,butter,egg
47,egg,dairy,salsa
48,egg,dairy,fruits
49,bread,fruits,salad
50,dairy,fruits,butter
51,dairy,salad,salsa
52,dairy,egg,bread
53,egg,salsa,butter
54,egg,juice,salsa
55,dairy,fruits,salad
56,juice,bread,fruits
57,bread,salad,butter
58,dairy,salad,juice
59,dairy,juice,fruits
60,butter,egg,salad
61,butter,salsa,salad
62,dairy,butter,salsa
63,salad,bread,juice
64,salsa,salad,dairy
65,juice,bread,egg
66,egg,salsa,bread
67,egg,butter,juice
68,bread,salsa,dairy
69,juice,salsa,egg
70,salad,juice,bread
71,salad,juice,egg
72,salad,egg,juice
73,fruits,egg,salad
74,dairy,salsa,fruits
75,salsa,egg,butter
76,salad,butter,fruits
77,fruits,salad,butter
78,egg,salad,bread
79,salsa,butter,egg
80,salsa,butter,dairy
81,salsa,egg,dairy
82,butter,salsa,dairy
83,salsa,butter,egg
84,butter,juice,dairy
85,salad,butter,fruits
86,salad,butter,salsa
87,salsa,juice,dairy
88,salad,bread,salsa
89,fruits,dairy,juice
90,butter,fruits,egg
91,salad,bread,butter
92,dairy,juice,butter
93,dairy,salad,juice
94,bread,dairy,egg
95,bread,fruits,juice
96,fruits,salad,juice
97,salsa,egg,butter
98,bread,egg,dairy
99,salsa,salad,dairy
100,juice,butter,fruits
101,juice,butter,egg
102,fruits,egg,butter
103,dairy,salsa,juice
104,bread,salsa,salad
105,salad,juice,bread
106,salsa,egg,bread
107,fruits,juice,butter
108,butter,salsa,juice
109,fruits,salsa,dairy
110,salad,juice,salsa
111,salad,egg,bread
112,dairy,bread,juice
113,salsa,butter,dairy
114,egg,dairy,butter
115,salad,butter,juice
116,juice,fruits,salad
117,fruits,salsa,egg
118,juice,fruits,butter
119,dairy,fruits,butter
120,dairy,egg,juice
121,salsa,fruits,juice
122,salad,egg,salsa
123,bread,salad,butter
124,salsa,salad,butter
125,fruits,salad,juice
126,bread,salsa,butter
127,bread,juice,dairy
128,dairy,juice,salsa
129,dairy,butter,fruits
130,butter,salad,egg
131,salsa,juice,dairy
132,salad,fruits,bread
133,bread,salsa,fruits
134,dairy,bread,butter
135,bread,butter,egg
136,fruits,dairy,salad
137,fruits,egg,bread
138,butter,salad,egg
139,salsa,egg,juice
140,salad,butter,dairy
141,salad,fruits,juice
142,dairy,bread,fruits
143,egg,dairy,bread
144,juice,fruits,butter
145,salsa,fruits,egg
146,juice,butter,egg
147,dairy,juice,salsa
148,salad,juice,egg
149,egg,fruits,dairy
150,juice,dairy,bread
151,butter,fruits,bread
152,butter,dairy,salsa
153,egg,juice,bread
154,fruits,egg,butter
155,egg,fruits,salsa
156,egg,juice,fruits
157,fruits,salsa,butter
158,juice,dairy,butter
159,salad,salsa,bread
160,juice,bread,salsa
161,egg,salsa,dairy
162,juice,fruits,egg
163,egg,fruits,salsa
164,fruits,butter,bread
165,salad,bread,butter
166,bread,salad,salsa
167,bread,juice,dairy
168,salad,fruits,egg
169,butter,fruits,egg
170,fruits,dairy,egg
171,bread,salad,juice
172,salad,butter,juice
173,bread,salad,fruits
174,salsa,juice,dairy
175,butter,juice,egg
176,egg,salsa,juice
177,egg,dairy,salsa
178,bread,fruits,salsa
179,fruits,juice,salad
180,butter,egg,juice
181,salsa,juice,dairy
182,juice,salsa,fruits
183,dairy,butter,bread
184,butter,dairy,salad
185,salsa,fruits,bread
186,salsa,egg,bread
187,egg,juice,salsa
188,butter,salsa,bread
189,egg,salsa,bread
190,salsa,butter,bread
191,salsa,juice,bread
192,salad,salsa,bread
193,dairy,juice,fruits
194,fruits,salad,butter
195,salad,salsa,egg
196,salsa,salad,bread
197,butter,fruits,egg
198,salad,egg,juice
199,juice,butter,bread
200,dairy,egg,fruits
201,dairy,juice,salsa
202,salad,egg,juice
203,dairy,bread,fruits
204,juice,salsa,butter
205,juice,salad,salsa
206,salad,dairy,egg
207,bread,butter,fruits
208,salsa,butter,bread
209,fruits,salsa,bread
210,juice,salad,bread
211,bread,dairy,juice
212,butter,dairy,bread
213,salad,dairy,bread
214,juice,bread,egg
215,salsa,bread,fruits
216,salad,dairy,butter
217,dairy,egg,juice
218,dairy,butter,fruits
219,butter,bread,salsa
220,dairy,juice,fruits
221,juice,fruits,dairy
222,juice,salad,butter
223,dairy,salad,bread
224,butter,fruits,salsa
225,salsa,juice,bread
226,butter,salsa,bread
227,dairy,butter,bread
228,fruits,egg,juice
229,butter,salsa,egg
230,salsa,salad,egg
231,dairy,egg,butter
232,fruits,butter,salad
233,egg,salsa,juice
234,salad,dairy,juice
235,dairy,salad,salsa
236,butter,salsa,bread
237,dairy,salad,salsa
238,salsa,dairy,bread
239,butter,salsa,bread
240,dairy,juice,egg
241,butter,juice,salad
242,fruits,salad,egg
243,juice,egg,butter
244,juice,dairy,bread
245,dairy,butter,egg
246,butter,egg,fruits
247,salsa,fruits,butter
248,dairy,salad,bread
249,fruits,salad,juice
250,salad,juice,fruits
251,butter,egg,fruits
252,butter,egg,salsa
253,salsa,juice,dairy
254,fruits,bread,butter
255,salad,juice,dairy
256,dairy,salad,bread
257,juice,fruits,egg
258,bread,dairy,butter
259,salsa,butter,juice
260,bread,dairy,fruits
261,bread,juice,salad
262,butter,salad,egg
263,salad,salsa,egg
264,butter,salsa,juice
265,salad,egg,juice
266,salad,egg,fruits
267,salad,juice,dairy
268,salad,juice,fruits
269,egg,salad,fruits
270,dairy,salad,butter
271,bread,fruits,egg
272,salad,salsa,juice
273,fruits,butter,juice
274,dairy,fruits,bread
275,bread,salsa,egg
276,bread,juice,salad
277,egg,juice,fruits
278,salad,bread,juice
279,bread,salad,dairy
280,juice,egg,butter
281,fruits,salsa,egg
282,bread,egg,salad
283,juice,bread,salad
284,salad,dairy,salsa
285,butter,juice,salsa
286,dairy,salad,butter
287,juice,bread,salsa
288,dairy,butter,salsa
289,bread,salad,fruits
290,egg,salad,butter
291,salad,egg,fruits
292,dairy,fruits,butter
293,dairy,juice,salad
294,salad,butter,juice
295,juice,dairy,salsa
296,fruits,egg,salsa
297,juice,bread,salsa
298,salad,dairy,bread
299,juice,salsa,egg
300,salad,egg,fruits
301,fruits,salsa,bread
302,salad,butter,egg
303,salsa,salad,juice
304,egg,salad,fruits
305,salsa,salad,juice
306,dairy,fruits,juice
307,juice,fruits,salsa
308,egg,butter,bread
309,butter,egg,fruits
310,bread,egg,dairy
311,juice,salsa,fruits
312,butter,salad,juice
313,juice,dairy,egg
314,dairy,fruits,butter
315,salad,bread,salsa
316,bread,salsa,salad
317,salad,juice,salsa
318,bread,fruits,butter
319,salad,bread,dairy
320,salsa,egg,juice
321,juice,dairy,bread
322,bread,dairy,egg
323,butter,dairy,salad
324,fruits,bread,salsa
325,bread,dairy,salsa
326,butter,juice,dairy
327,juice,salsa,bread
328,fruits,salsa,juice
329,dairy,fruits,salad
330,fruits,dairy,bread
331,egg,butter,salad
332,bread,butter,salsa
333,bread,butter,juice
334,juice,butter,salad
335,juice,butter,fruits
336,salsa,egg,dairy
337,egg,salsa,juice
338,butter,bread,egg
339,bread,salsa,egg
340,dairy,fruits,salsa
341,bread,salsa,egg
342,bread,salad,salsa
343,salsa,juice,salad
344,egg,juice,fruits
345,juice,egg,dairy
346,dairy,bread,butter
347,fruits,dairy,salsa
348,dairy,butter,salsa
349,bread,fruits,egg
350,butter,fruits,bread
351,juice,bread,salad
352,egg,fruits,bread
353,fruits,bread,butter
354,juice,fruits,egg
355,bread,egg,fruits
356,butter,fruits,dairy
357,fruits,juice,butter
358,salad,dairy,juice
359,juice,fruits,egg
360,egg,juice,fruits
361,butter,salad,juice
362,fruits,bread,egg
363,salad,butter,egg
364,egg,bread,butter
365,butter,egg,dairy
366,dairy,fruits,salsa
367,fruits,juice,butter
368,salad,fruits,bread
369,bread,salad,egg
370,butter,egg,dairy
371,juice,salsa,dairy
372,dairy,salad,fruits
373,bread,fruits,dairy
374,butter,salsa,bread
375,fruits,dairy,bread
376,egg,juice,bread
377,butter,egg,fruits
378,dairy,egg,butter
379,salad,juice,egg
380,dairy,butter,fruits
381,egg,salsa,fruits
382,bread,butter,egg
383,fruits,bread,egg
384,salsa,dairy,juice
385,bread,salsa,salad
386,salsa,juice,egg
387,egg,salad,butter
388,salsa,bread,butter
389,dairy,egg,salsa
390,juice,dairy,butter
391,bread,butter,salsa
392,butter,fruits,egg
393,salad,butter,dairy
394,juice,bread,egg
395,fruits,salsa,butter
396,salsa,bread,dairy
397,egg,butter,salad
398,butter,bread,salsa
399,salad,egg,dairy
400,dairy,salad,salsa
401,butter,juice,egg
402,salsa,butter,egg
403,fruits,salsa,juice
404,dairy,butter,juice
405,fruits,juice,egg
406,dairy,fruits,butter
407,bread,egg,butter
408,bread,salsa,fruits
409,bread,dairy,salad
410,dairy,bread,salad
411,egg,butter,salsa
412,juice,dairy,egg
413,bread,fruits,dairy
414,bread,salad,butter
415,fruits,egg,butter
416,dairy,butter,fruits
417,dairy,salsa,juice
418,egg,salad,butter
419,egg,dairy,salsa
420,juice,salsa,butter
421,butter,fruits,dairy
422,dairy,salsa,fruits
423,dairy,bread,salsa
424,salad,butter,fruits
425,salsa,fruits,dairy
426,dairy,salad,egg
427,juice,butter,egg
428,dairy,bread,salad
429,juice,dairy,salad
430,salsa,fruits,salad
431,salad,salsa,bread
432,juice,fruits,bread
433,salsa,bread,butter
434,salad,salsa,juice
435,butter,bread,fruits
436,dairy,fruits,egg
437,egg,fruits,bread
438,dairy,salsa,fruits
439,salad,salsa,butter
440,egg,butter,juice
441,fruits,salad,juice
442,butter,fruits,salsa
443,salad,bread,egg
444,salad,egg,fruits
445,fruits,salsa,salad
446,butter,juice,egg
447,butter,fruits,salsa
448,dairy,bread,juice
449,juice,butter,bread
450,fruits,salad,butter
451,fruits,salad,dairy
452,juice,fruits,dairy
453,bread,salad,fruits
454,fruits,salad,juice
455,salsa,butter,egg
456,salsa,dairy,butter
457,egg,fruits,bread
458,salsa,fruits,bread
459,fruits,butter,egg
460,dairy,salsa,salad
461,juice,salad,salsa
462,dairy,fruits,juice
463,egg,dairy,juice
464,juice,salsa,bread
465,fruits,juice,salsa
466,bread,egg,butter
467,salsa,salad,juice
468,fruits,salad,bread
469,dairy,butter,egg
470,salad,salsa,butter
471,egg,dairy,bread
472,salad,bread,fruits
473,dairy,butter,salad
474,bread,butter,egg
475,bread,dairy,egg
476,dairy,butter,salsa
477,egg,dairy,salad
478,fruits,bread,salsa
479,butter,salsa,salad
480,butter,fruits,egg
481,salad,juice,fruits
482,egg,bread,fruits
483,fruits,juice,dairy
484,butter,salsa,bread
485,egg,salad,salsa
486,salsa,egg,butter
487,egg,bread,juice
488,juice,egg,bread
489,salsa,fruits,butter
490,salad,dairy,fruits
491,salsa,butter,dairy
492,butter,salad,juice
493,juice,butter,bread
494,salad,butter,egg
495,dairy,butter,juice
496,salad,butter,egg
497,fruits,juice,salad
498,fruits,bread,juice
499,egg,butter,juice
500,bread,fruits,egg
501,bread,dairy,butter
502,egg,butter,dairy
503,juice,butter,salad
504,dairy,juice,fruits
505,butter,salsa,juice
506,juice,salad,egg
507,dairy,butter,salad
508,salad,bread,butter
509,bread,salsa,egg
510,egg,butter,salad
511,juice,salsa,egg
512,bread,juice,butter
513,butter,juice,fruits
514,bread,juice,butter
515,butter,dairy,juice
516,bread,juice,fruits
517,juice,bread,salad
518,dairy,fruits,bread
519,salad,fruits,bread
520,bread,salad,fruits
521,bread,fruits,egg
522,butter,bread,salad
523,juice,salad,egg
524,egg,butter,fruits
525,salsa,dairy,egg
526,bread,salad,egg
527,egg,bread,juice
528,salad,dairy,fruits
529,bread,butter,salad
530,salsa,salad,juice
531,salsa,juice,egg
532,juice,bread,dairy
533,egg,salsa,fruits
534,fruits,egg,bread
535,bread,salad,fruits
536,bread,fruits,butter
537,egg,dairy,fruits
538,bread,fruits,salsa
539,dairy,salad,fruits
540,juice,dairy,bread
541,egg,fruits,dairy
542,juice,bread,egg
543,salsa,butter,juice
544,butter,salad,bread
545,fruits,juice,dairy
546,dairy,fruits,butter
547,juice,bread,dairy
548,juice,salsa,dairy
549,salsa,fruits,egg
550,egg,butter,salsa
551,butter,salsa,dairy
552,egg,fruits,juice
553,fruits,juice,butter
554,salad,juice,bread
555,juice,dairy,bread
556,fruits,egg,bread
557,dairy,salad,fruits
558,butter,egg,bread
559,salsa,fruits,salad
560,butter,salsa,bread
561,butter,fruits,juice
562,salad,juice,dairy
563,dairy,juice,bread
564,juice,fruits,butter
565,salsa,egg,fruits
566,bread,salsa,egg
567,juice,salad,fruits
568,salad,bread,juice
569,butter,fruits,dairy
570,juice,bread,butter
571,salad,dairy,salsa
572,fruits,juice,salad
573,dairy,fruits,juice
574,bread,egg,dairy
575,bread,fruits,egg
576,salsa,bread,juice
577,juice,egg,dairy
578,bread,egg,salad
579,butter,fruits,egg
580,bread,egg,juice
581,butter,egg,fruits
582,egg,fruits,dairy
583,dairy,salad,bread
584,egg,butter,fruits
585,bread,butter,salsa
586,salad,bread,salsa
587,dairy,fruits,butter
588,bread,butter,salsa
589,butter,salsa,egg
590,fruits,salsa,juice
591,salsa,fruits,juice
592,egg,butter,juice
593,dairy,juice,bread
594,egg,dairy,bread
595,salsa,juice,dairy
596,fruits,egg,bread
597,juice,salad,fruits
598,butter,juice,bread
599,juice,salsa,butter
600,butter,dairy,salsa
601,bread,salsa,dairy
602,egg,dairy,fruits
603,salsa,egg,salad
604,juice,dairy,bread
605,butter,egg,juice
606,salad,butter,bread
607,dairy,bread,salad
608,egg,fruits,dairy
609,salsa,salad,egg
610,egg,dairy,bread
611,egg,salsa,salad
612,fruits,salad,butter
613,bread,dairy,juice
614,bread,salsa,butter
615,fruits,salsa,bread
616,salad,fruits,bread
617,fruits,juice,bread
618,butter,salsa,salad
619,salad,egg,bread
620,fruits,egg,salsa
621,salsa,fruits,bread
622,dairy,juice,fruits
623,dairy,egg,butter
624,salsa,butter,dairy
625,dairy,salsa,egg
626,fruits,dairy,egg
627,salad,dairy,salsa
628,salsa,egg,dairy
629,butter,salsa,egg
630,egg,dairy,juice
631,dairy,butter,salad
632,salsa,bread,egg
633,butter,salsa,fruits
634,bread,dairy,salsa
635,egg,bread,butter
636,fruits,salad,dairy
637,butter,egg,salad
638,fruits,juice,egg
639,butter,salad,dairy
640,dairy,salad,fruits
641,dairy,salad,egg
642,butter,salsa,dairy
643,salsa,juice,salad
644,fruits,egg,butter
645,fruits,butter,bread
646,egg,salsa,juice
647,juice,butter,dairy
648,bread,juice,butter
649,salsa,fruits,butter
650,salad,salsa,dairy
651,butter,bread,juice
652,juice,bread,egg
653,salsa,bread,butter
654,bread,fruits,butter
655,salsa,egg,fruits
656,dairy,juice,salsa
657,salad,bread,fruits
658,juice,butter,fruits
659,salad,dairy,salsa
660,juice,fruits,bread
661,butter,dairy,egg
662,bread,salad,egg
663,juice,bread,butter
664,fruits,juice,dairy
665,bread,salad,juice
666,dairy,salad,butter
667,dairy,fruits,butter
668,bread,egg,butter
669,juice,salad,salsa
670,bread,salad,butter
671,salsa,fruits,bread
672,bread,fruits,salad
673,fruits,egg,salad
674,bread,juice,fruits
675,fruits,bread,egg
676,butter,bread,egg
677,egg,salad,dairy
678,bread,juice,butter
679,dairy,egg,bread
680,egg,dairy,fruits
681,dairy,butter,bread
682,salsa,dairy,bread
683,salad,egg,dairy
684,bread,salsa,dairy
685,dairy,salsa,butter
686,dairy,salsa,egg
687,fruits,salad,butter
688,juice,butter,dairy
689,salsa,fruits,salad
690,dairy,bread,salsa
691,dairy,fruits,bread
692,juice,egg,butter
693,egg,bread,salad
694,butter,juice,bread
695,salsa,dairy,butter
696,fruits,bread,dairy
697,bread,juice,salad
698,dairy,bread,fruits
699,butter,bread,fruits
700,salad,egg,salsa
701,butter,egg,dairy
702,egg,juice,salsa
703,dairy,juice,fruits
704,salad,fruits,dairy
705,bread,egg,juice
706,salsa,fruits,butter
707,salsa,dairy,bread
708,bread,egg,juice
709,salad,fruits,dairy
710,salad,juice,dairy
711,fruits,salsa,egg
712,salsa,juice,butter
713,salad,juice,egg
714,salad,egg,juice
715,fruits,bread,juice
716,salad,dairy,juice
717,dairy,egg,salsa
718,bread,dairy,butter
719,juice,dairy,fruits
720,salsa,fruits,juice
721,bread,egg,juice
722,egg,bread,salsa
723,bread,egg,salsa
724,egg,bread,juice
725,juice,salsa,dairy
726,dairy,fruits,salsa
727,salsa,butter,fruits
728,egg,bread,salad
729,salsa,fruits,dairy
730,dairy,egg,salad
731,juice,butter,fruits
732,butter,salad,bread
733,fruits,juice,egg
734,bread,dairy,juice
735,egg,bread,juice
736,egg,fruits,salsa
737,juice,salad,bread
738,egg,fruits,salad
739,egg,fruits,dairy
740,egg,bread,juice
741,dairy,juice,butter
742,butter,bread,salsa
743,salsa,salad,juice
744,butter,fruits,juice
745,dairy,butter,egg
746,salsa,fruits,dairy
747,salad,butter,juice
748,juice,salad,dairy
749,fruits,egg,salsa
750,salsa,salad,juice
751,egg,butter,juice
752,butter,juice,dairy
753,bread,salad,fruits
754,salsa,fruits,butter
755,dairy,juice,salsa
756,dairy,egg,salsa
757,fruits,butter,salad
758,butter,egg,bread
759,salad,salsa,bread
760,salsa,juice,egg
761,salsa,butter,salad
762,juice,bread,salad
763,egg,dairy,salad
764,salad,juice,bread
765,egg,fruits,dairy
766,juice,salad,egg
767,dairy,salsa,juice
768,egg,juice,dairy
769,butter,fruits,bread
770,salsa,dairy,egg
771,salad,juice,fruits
772,butter,salsa,bread
773,salad,butter,juice
774,salsa,juice,egg
775,bread,salad,fruits
776,butter,egg,salsa
777,dairy,salad,butter
778,egg,fruits,juice
779,fruits,butter,egg
780,juice,egg,fruits
781,fruits,salsa,salad
782,fruits,juice,bread
783,salad,fruits,juice
784,salad,bread,salsa
785,bread,butter,egg
786,egg,juice,butter
787,salsa,juice,dairy
788,dairy,egg,fruits
789,salsa,egg,salad
790,butter,salsa,dairy
791,salsa,butter,dairy
792,juice,butter,salad
793,dairy,bread,butter
794,salad,butter,salsa
795,dairy,salad,fruits
796,egg,salsa,bread
797,fruits,dairy,salsa
798,egg,salsa,bread
799,juice,salad,salsa
800,juice,dairy,salad
801,salsa,bread,juice
802,salad,salsa,egg
803,bread,butter,salad
804,salad,juice,egg
805,butter,dairy,egg
806,fruits,salsa,egg
807,dairy,juice,egg
808,juice,bread,salad
809,salad,dairy,egg
810,salad,bread,salsa
811,fruits,salsa,juice
812,salsa,egg,juice
813,salsa,salad,fruits
814,bread,salad,juice
815,salsa,fruits,egg
816,salad,juice,butter
817,fruits,salad,egg
818,bread,dairy,salsa
819,dairy,salad,bread
820,egg,butter,bread
821,bread,egg,butter
822,juice,egg,butter
823,egg,fruits,dairy
824,egg,bread,fruits
825,bread,butter,juice
826,butter,salad,dairy
827,bread,dairy,butter
828,dairy,bread,egg
829,salad,bread,fruits
830,bread,egg,butter
831,dairy,bread,salad
832,salad,juice,bread
833,dairy,bread,butter
834,fruits,bread,egg
835,butter,salsa,fruits
836,dairy,butter,fruits
837,bread,salsa,dairy
838,fruits,butter,egg
839,bread,dairy,fruits
840,butter,egg,juice
841,juice,bread,egg
842,egg,bread,salad
843,dairy,salad,juice
844,butter,juice,salad
845,salsa,fruits,dairy
846,fruits,bread,juice
847,salsa,dairy,butter
848,butter,salsa,egg
849,salad,bread,butter
850,dairy,juice,bread
851,dairy,bread,salad
852,bread,salad,dairy
853,fruits,bread,butter
854,egg,salsa,butter
855,fruits,butter,salad
856,juice,butter,dairy
857,egg,dairy,fruits
858,egg,salad,dairy
859,fruits,salad,egg
860,juice,fruits,butter
861,juice,salad,butter
862,salad,dairy,bread
863,salsa,bread,dairy
864,salad,dairy,bread
865,egg,fruits,salad
866,bread,juice,dairy
867,fruits,salsa,juice
868,bread,salsa,butter
869,juice,egg,salad
870,juice,salsa,bread
871,butter,fruits,dairy
872,salsa,bread,juice
873,salsa,bread,egg
874,egg,salad,bread
875,salsa,juice,bread
876,juice,butter,salad
877,salsa,egg,butter
878,butter,egg,salsa
879,juice,dairy,butter
880,fruits,egg,dairy
881,salad,salsa,fruits
882,salsa,juice,fruits
883,bread,dairy,salad
884,salsa,dairy,bread
885,salad,egg,butter
886,bread,dairy,fruits
887,salad,bread,dairy
888,salsa,juice,dairy
889,dairy,fruits,bread
890,dairy,egg,salad
891,salad,egg,dairy
892,fruits,butter,salsa
893,fruits,salad,juice
894,bread,salsa,juice
895,butter,bread,egg
896,juice,salad,salsa
897,egg,butter,salad
898,juice,egg,butter
899,butter,salsa,dairy
900,egg,salsa,salad
901,bread,butter,fruits
902,egg,salad,juice
903,fruits,bread,juice
904,fruits,bread,butter
905,egg,dairy,fruits
906,salad,salsa,butter
907,egg,fruits,bread
908,fruits,butter,salad
909,butter,bread,juice
910,bread,juice,butter
911,fruits,egg,bread
912,butter,salad,dairy
913,salsa,juice,salad
914,butter,bread,fruits
915,salad,juice,bread
916,salad,salsa,dairy
917,juice,butter,salsa
918,dairy,salad,egg
919,dairy,egg,salsa
920,bread,butter,dairy
921,butter,juice,dairy
922,salad,bread,juice
923,egg,bread,salad
924,egg,bread,fruits
925,fruits,salsa,juice
926,juice,salad,butter
927,dairy,salsa,egg
928,juice,butter,egg
929,salad,fruits,juice
930,egg,juice,bread
931,dairy,fruits,juice
932,juice,fruits,bread
933,fruits,butter,bread
934,butter,salsa,salad
935,butter,egg,fruits
936,dairy,butter,egg
937,salad,egg,dairy
938,fruits,bread,juice
939,juice,butter,fruits
940,bread,egg,butter
941,juice,egg,salsa
942,salsa,butter,salad
943,fruits,egg,salad
944,butter,juice,salad
945,fruits,salad,egg
946,fruits,egg,bread
947,dairy,egg,juice
948,butter,egg,fruits
949,juice,bread,fruits
950,butter,egg,juice
951,juice,dairy,fruits
952,butter,egg,salad
953,fruits,salad,bread
954,bread,dairy,salsa
955,egg,salad,juice
956,butter,salad,fruits
957,butter,juice,dairy
958,salsa,dairy,egg
959,fruits,dairy,salsa
960,dairy,juice,egg
961,dairy,butter,fruits
962,egg,bread,salad
963,fruits,dairy,salad
964,butter,fruits,egg
965,egg,salad,fruits
966,dairy,juice,egg
967,salsa,fruits,egg
968,bread,salad,butter
969,egg,juice,butter
970,fruits,juice,bread
971,salsa,fruits,egg
972,fruits,salsa,salad
973,egg,bread,salsa
974,bread,salsa,butter
975,bread,fruits,egg
976,egg,dairy,salsa
977,bread,fruits,butter
978,butter,fruits,juice
979,dairy,bread,salsa
980,salsa,dairy,butter
981,salad,juice,salsa
982,salad,salsa,butter
983,fruits,butter,dairy
984,dairy,butter,bread
985,juice,dairy,salsa
986,juice,salad,butter
987,egg,juice,salsa
988,salsa,salad,butter
989,salsa,butter,salad
990,fruits,dairy,salsa
991,dairy,egg,salsa
992,egg,butter,salsa
993,juice,dairy,egg
994,butter,bread,fruits
995,dairy,butter,salsa
996,butter,dairy,salsa
997,fruits,bread,dairy
998,fruits,salsa,salad
999,fruits,egg,salsa
1000,juice,dairy,salsa
1001,egg,fruits,juice
1002,butter,bread,salsa
1003,dairy,salsa,egg
1004,fruits,butter,juice
1005,dairy,salsa,juice
1006,butter,juice,salsa
1007,egg,fruits,bread
1008,salsa,juice,bread
1009,dairy,bread,salad
1010,fruits,salsa,juice
1011,fruits,juice,salsa
1012,butter,salsa,dairy
1013,salsa,juice,dairy
1014,salad,butter,bread
1015,egg,dairy,butter
1016,salad,juice,salsa
1017,salsa,egg,butter
1018,bread,dairy,butter
1019,egg,juice,fruits
1020,salad,juice,fruits
1021,salad,butter,juice
1022,dairy,egg,juice
1023,fruits,egg,bread
1024,butter,dairy,egg
1025,egg,butter,bread
1026,butter,dairy,fruits
1027,bread,dairy,juice
1028,salad,salsa,juice
1029,dairy,butter,egg
1030,salsa,fruits,butter
1031,salad,butter,egg
1032,fruits,salad,egg
1033,dairy,butter,salad
1034,butter,juice,salsa
1035,egg,butter,fruits
1036,egg,fruits,dairy
1037,salsa,salad,juice
1038,salad,salsa,juice
1039,egg,bread,dairy
1040,salsa,salad,dairy
1041,butter,egg,juice
1042,egg,fruits,bread
1043,dairy,fruits,salsa
1044,salsa,salad,juice
1045,dairy,egg,salsa
1046,butter,fruits,egg
1047,dairy,bread,butter
1048,egg,butter,salad
1049,dairy,egg,salad
1050,fruits,dairy,butter
1051,bread,dairy,juice
1052,dairy,salad,juice
1053,egg,fruits,dairy
1054,bread,juice,salad
1055,salad,salsa,butter
1056,bread,dairy,salad
1057,butter,bread,juice
1058,fruits,bread,dairy
1059,dairy,juice,salsa
1060,bread,dairy,juice
1061,dairy,juice,salsa
1062,dairy,juice,fruits
1063,butter,bread,salad
1064,salad,dairy,egg
1065,juice,dairy,salsa
1066,egg,salad,butter
1067,butter,fruits,salad
1068,salsa,juice,egg
1069,dairy,salad,butter
1070,fruits,butter,bread
1071,salad,egg,fruits
1072,dairy,juice,butter
1073,egg,fruits,salsa
1074,dairy,salsa,egg
1075,bread,salsa,fruits
1076,butter,bread,salsa
1077,salsa,salad,butter
1078,bread,salad,dairy
1079,fruits,salad,dairy
1080,fruits,salad,bread
1081,juice,butter,egg
1082,fruits,bread,butter
1083,dairy,butter,egg
1084,butter,fruits,egg
1085,salad,fruits,salsa
1086,fruits,salsa,salad
1087,butter,bread,dairy
1088,salsa,egg,juice
1089,egg,juice,fruits
1090,salad,dairy,egg
1091,salad,egg,juice
1092,salad,juice,egg
1093,salad,salsa,egg
1094,salad,egg,fruits
1095,juice,bread,egg
1096,juice,salsa,dairy
1097,egg,salad,bread
1098,bread,butter,egg
1099,juice,salsa,fruits
1100,salad,fruits,dairy
1101,egg,fruits,bread
1102,salsa,dairy,salad
1103,bread,egg,salsa
1104,fruits,salsa,juice
1105,salad,bread,fruits
1106,salad,egg,salsa
1107,dairy,egg,salsa
1108,juice,fruits,bread
1109,salad,fruits,juice
1110,salsa,salad,juice
1111,bread,butter,fruits
1112,egg,juice,bread
1113,egg,salad,butter
1114,fruits,egg,salad
1115,dairy,fruits,juice
1116,bread,fruits,salsa
1117,butter,bread,juice
1118,bread,salad,dairy
1119,bread,dairy,fruits
1120,bread,butter,salad
1121,salsa,salad,dairy
1122,juice,salad,salsa
1123,egg,juice,fruits
1124,juice,dairy,egg
1125,butter,bread,egg
1126,butter,dairy,bread
1127,dairy,salad,bread
1128,bread,dairy,salsa
1129,juice,egg,butter
1130,salsa,fruits,salad
1131,juice,butter,fruits
1132,bread,salad,egg
1133,bread,egg,juice
1134,juice,dairy,fruits
1135,bread,butter,salsa
1136,juice,fruits,dairy
1137,fruits,bread,salsa
1138,dairy,egg,salad
1139,salsa,dairy,fruits
1140,butter,egg,salad
1141,dairy,butter,bread
1142,salsa,juice,egg
1143,juice,fruits,egg
1144,salsa,egg,juice
1145,salad,fruits,juice
1146,bread,fruits,salad
1147,butter,fruits,juice
1148,butter,salad,fruits
1149,salsa,egg,bread
1150,dairy,fruits,juice
1151,egg,butter,fruits
1152,juice,egg,salad
1153,juice,salad,dairy
1154,dairy,juice,salad
1155,salsa,bread,butter
1156,salsa,juice,salad
1157,egg,bread,juice
1158,salad,dairy,butter
1159,dairy,bread,salad
1160,butter,salad,salsa
1161,salad,egg,butter
1162,salad,bread,juice
1163,butter,fruits,juice
1164,salad,bread,egg
1165,butter,fruits,juice
1166,bread,salsa,butter
1167,salad,fruits,bread
1168,dairy,juice,salsa
1169,bread,dairy,fruits
1170,dairy,butter,egg
1171,butter,salad,fruits
1172,juice,salsa,fruits
1173,bread,butter,dairy
1174,butter,bread,dairy
1175,fruits,dairy,juice
1176,salad,fruits,dairy
1177,salad,bread,egg
1178,egg,salad,juice
1179,juice,salad,dairy
1180,salad,juice,salsa
1181,egg,salad,bread
1182,butter,dairy,salad
1183,egg,salad,juice
1184,dairy,butter,egg
1185,juice,butter,bread
1186,fruits,butter,dairy
1187,fruits,juice,egg
1188,butter,fruits,dairy
1189,dairy,salad,bread
1190,bread,fruits,salsa
1191,salsa,bread,butter
1192,salad,dairy,bread
1193,salad,butter,fruits
1194,dairy,bread,salsa
1195,bread,dairy,butter
1196,juice,dairy,butter
1197,fruits,bread,butter
1198,juice,salsa,salad
1199,juice,salad,egg
1200,salsa,butter,egg
1201,butter,salsa,salad
1202,egg,butter,salad
1203,dairy,salad,fruits
1204,juice,fruits,egg
1205,dairy,juice,fruits
1206,fruits,butter,salad
1207,salad,juice,fruits
1208,bread,butter,juice
1209,juice,salad,butter
1210,juice,bread,dairy
1211,salad,bread,egg
1212,egg,butter,salsa
1213,butter,egg,fruits
1214,salsa,salad,fruits
1215,dairy,juice,fruits
1216,salsa,butter,dairy
1217,fruits,egg,salad
1218,salsa,salad,butter
1219,salad,egg,dairy
1220,bread,egg,fruits
1221,egg,salsa,bread
1222,bread,fruits,salsa
1223,salsa,dairy,butter
1224,salsa,butter,dairy
1225,fruits,juice,egg
1226,fruits,bread,juice
1227,salsa,juice,butter
1228,egg,juice,dairy
1229,fruits,dairy,juice
1230,bread,salsa,egg
1231,bread,dairy,egg
1232,egg,juice,dairy
1233,salad,juice,fruits
1234,salsa,egg,juice
1235,salsa,bread,butter
1236,butter,dairy,salad
1237,fruits,egg,juice
1238,egg,butter,juice
1239,juice,fruits,salsa
1240,bread,salad,butter
1241,bread,salad,dairy
1242,fruits,salsa,dairy
1243,salad,salsa,butter
1244,dairy,egg,bread
1245,egg,fruits,juice
1246,fruits,dairy,butter
1247,juice,fruits,bread
1248,juice,salad,egg
1249,egg,salad,bread
1250,bread,butter,juice
1251,fruits,dairy,egg
1252,fruits,egg,salad
1253,juice,egg,bread
1254,egg,bread,juice
1255,salsa,dairy,butter
1256,egg,fruits,salsa
1257,egg,fruits,butter
1258,dairy,butter,fruits
1259,salsa,butter,dairy
1260,butter,fruits,dairy
1261,egg,salsa,dairy
1262,salsa,fruits,dairy
1263,fruits,bread,butter
1264,fruits,egg,dairy
1265,bread,egg,juice
1266,salad,butter,salsa
1267,juice,dairy,butter
1268,butter,juice,fruits
1269,dairy,bread,butter
1270,bread,fruits,juice
1271,bread,egg,salsa
1272,dairy,salad,salsa
1273,butter,fruits,salsa
1274,salad,dairy,juice
1275,egg,salsa,bread
1276,salad,egg,salsa
1277,egg,juice,bread
1278,fruits,salad,bread
1279,egg,salsa,butter
1280,dairy,fruits,butter
1281,dairy,juice,fruits
1282,fruits,salad,butter
1283,egg,juice,bread
1284,fruits,egg,dairy
1285,butter,fruits,salsa
1286,salad,egg,bread
1287,bread,egg,dairy
1288,fruits,butter,salsa
1289,salad,dairy,salsa
1290,salsa,egg,dairy
1291,juice,dairy,salsa
1292,butter,dairy,salsa
1293,juice,salad,egg
1294,butter,juice,bread
1295,salad,bread,egg
1296,salad,juice,egg
1297,salsa,dairy,butter
1298,bread,butter,fruits
1299,salad,bread,dairy
1300,dairy,salsa,juice
1301,bread,egg,dairy
1302,salsa,butter,juice
1303,fruits,egg,salad
1304,bread,salsa,salad
1305,juice,salad,salsa
1306,butter,bread,egg
1307,salsa,fruits,juice
1308,salad,salsa,butter
1309,egg,salsa,juice
1310,egg,fruits,dairy
1311,butter,bread,salad
1312,salad,bread,juice
1313,fruits,butter,dairy
1314,butter,egg,dairy
1315,egg,juice,butter
1316,butter,salsa,bread
1317,salad,dairy,juice
1318,salad,dairy,egg
1319,salad,salsa,dairy
1320,dairy,salsa,butter
1321,salad,salsa,butter
1322,fruits,salsa,egg
1323,egg,salad,juice
1324,juice,salsa,butter
1325,dairy,juice,egg
1326,dairy,egg,salad
1327,dairy,butter,juice
1328,salad,bread,dairy
1329,butter,fruits,salsa
1330,fruits,butter,bread
1331,salsa,butter,egg
1332,juice,fruits,salad
1333,salad,salsa,dairy
1334,juice,dairy,bread
1335,fruits,dairy,egg
1336,fruits,salad,butter
1337,juice,butter,egg
1338,juice,salsa,bread
1339,fruits,salsa,juice
1340,butter,juice,dairy
1341,egg,salad,bread
1342,juice,butter,egg
1343,dairy,juice,salsa
1344,butter,bread,fruits
1345,butter,salsa,salad
1346,egg,salad,bread
1347,fruits,dairy,juice
1348,dairy,fruits,salad
1349,salsa,egg,butter
1350,egg,dairy,salad
1351,butter,fruits,juice
1352,egg,fruits,butter
1353,bread,butter,egg
1354,butter,salsa,juice
1355,egg,salad,bread
1356,salsa,salad,butter
1357,egg,salsa,fruits
1358,juice,butter,salsa
1359,salsa,fruits,egg
1360,egg,juice,fruits
1361,bread,fruits,salad
1362,fruits,dairy,salad
1363,salsa,butter,juice
1364,bread,salad,butter
1365,fruits,salsa,dairy
1366,egg,salsa,dairy
1367,salsa,egg,fruits
1368,salsa,fruits,juice
1369,salsa,salad,juice
1370,juice,egg,dairy
1371,juice,egg,fruits
1372,dairy,bread,juice
1373,juice,fruits,butter
1374,butter,fruits,salad
1375,juice,bread,fruits
1376,fruits,salsa,egg
1377,egg,bread,butter
1378,salsa,dairy,bread
1379,salsa,dairy,egg
1380,salad,fruits,butter
1381,fruits,bread,dairy
1382,fruits,juice,salsa
1383,juice,salsa,salad
1384,bread,salad,egg
1385,butter,fruits,juice
1386,butter,egg,salad
1387,butter,salsa,fruits
1388,dairy,butter,bread
1389,fruits,salad,butter
1390,butter,salsa,juice
1391,egg,bread,salad
1392,bread,butter,egg
1393,egg,dairy,butter
1394,salad,fruits,juice
1395,butter,juice,fruits
1396,dairy,salsa,egg
1397,butter,fruits,juice
1398,salsa,fruits,dairy
1399,butter,salad,egg
1400,butter,salsa,fruits
1401,salad,egg,fruits
1402,dairy,salsa,salad
1403,egg,salad,salsa
1404,salad,dairy,fruits
1405,fruits,juice,egg
1406,bread,butter,salsa
1407,bread,salsa,butter
1408,salsa,bread,dairy
1409,salad,salsa,bread
1410,bread,egg,salad
1411,fruits,salsa,butter
1412,juice,butter,bread
1413,bread,fruits,juice
1414,bread,juice,salad
1415,bread,juice,fruits
1416,bread,butter,salad
1417,dairy,juice,bread
1418,butter,dairy,bread
1419,salad,juice,bread
1420,egg,juice,fruits
1421,salad,dairy,bread
1422,dairy,salsa,juice
1423,salsa,salad,dairy
1424,salsa,dairy,bread
1425,salsa,bread,egg
1426,fruits,egg,juice
1427,egg,salsa,juice
1428,bread,dairy,salsa
1429,bread,salsa,egg
1430,butter,salad,bread
1431,bread,butter,juice
1432,butter,salsa,dairy
1433,salsa,egg,salad
1434,juice,egg,butter
1435,fruits,butter,salad
1436,egg,juice,butter
1437,salad,bread,egg
1438,egg,butter,salsa
1439,salsa,butter,salad
1440,bread,egg,fruits
1441,bread,salsa,fruits
1442,dairy,salad,egg
1443,salad,dairy,salsa
1444,juice,dairy,butter
1445,salad,salsa,bread
1446,bread,butter,salsa
1447,butter,dairy,bread
1448,butter,fruits,juice
1449,butter,dairy,juice
1450,salsa,egg,bread
1451,salsa,salad,egg
1452,salsa,fruits,bread
1453,juice,fruits,bread
1454,bread,fruits,dairy
1455,dairy,egg,butter
1456,butter,juice,fruits
1457,fruits,salad,egg
1458,dairy,juice,egg
1459,bread,egg,salad
1460,salsa,juice,bread
1461,juice,egg,dairy
1462,bread,salad,salsa
1463,dairy,fruits,juice
1464,salsa,egg,bread
1465,salad,fruits,bread
1466,juice,butter,salsa
1467,dairy,salad,fruits
1468,bread,salsa,juice
1469,fruits,dairy,bread
1470,salsa,fruits,bread
1471,butter,fruits,salad
1472,butter,egg,dairy
1473,butter,fruits,salsa
1474,bread,juice,butter
1475,fruits,egg,bread
1476,salad,dairy,butter
1477,salad,dairy,salsa
1478,bread,salad,butter
1479,salsa,bread,juice
1480,salsa,fruits,juice
1481,salad,fruits,juice
1482,bread,juice,salad
1483,egg,dairy,juice
1484,juice,bread,salsa
1485,dairy,egg,salad
1486,salsa,juice,egg
1487,bread,butter,salsa
1488,bread,juice,egg
1489,butter,dairy,fruits
1490,juice,bread,salsa
1491,juice,salad,dairy
1492,salad,salsa,fruits
1493,juice,bread,dairy
1494,juice,bread,butter
1495,fruits,bread,egg
1496,fruits,butter,egg
1497,butter,juice,fruits
1498,butter,dairy,bread
1499,salad,juice,fruits
1500,butter,juice,fruits
1501,salad,juice,salsa
1502,bread,fruits,egg
1503,salad,salsa,fruits
1504,bread,butter,egg
1505,dairy,juice,salad
1506,butter,salsa,salad
1507,fruits,salsa,salad
1508,salad,egg,salsa
1509,butter,fruits,salsa
1510,salsa,salad,egg
1511,fruits,dairy,juice
1512,juice,salsa,fruits
1513,juice,butter,salad
1514,fruits,salad,dairy
1515,salad,dairy,salsa
1516,dairy,egg,fruits
1517,bread,juice,salad
1518,juice,egg,fruits
1519,dairy,egg,salad
1520,dairy,butter,egg
1521,fruits,salad,egg
1522,salad,juice,egg
1523,fruits,bread,salad
1524,butter,salad,fruits
1525,butter,dairy,salad
1526,dairy,butter,fruits
1527,fruits,bread,dairy
1528,salad,fruits,salsa
1529,egg,juice,fruits
1530,bread,egg,dairy
1531,fruits,dairy,bread
1532,fruits,egg,butter
1533,salsa,juice,butter
1534,salsa,egg,bread
1535,salsa,bread,egg
1536,juice,bread,butter
1537,juice,salad,butter
1538,salsa,salad,egg
1539,salsa,salad,dairy
1540,egg,dairy,bread
1541,dairy,fruits,butter
1542,dairy,salad,bread
1543,butter,fruits,bread
1544,egg,fruits,bread
1545,dairy,fruits,egg
1546,egg,fruits,juice
1547,salad,fruits,juice
1548,dairy,bread,egg
1549,fruits,salsa,dairy
1550,egg,salsa,butter
1551,egg,salad,salsa
1552,egg,butter,bread
1553,butter,juice,salad
1554,egg,juice,bread
1555,bread,fruits,butter
1556,bread,salsa,dairy
1557,juice,salsa,butter
1558,butter,juice,bread
1559,butter,salsa,bread
1560,butter,salad,bread
1561,butter,dairy,egg
1562,bread,dairy,juice
1563,bread,juice,salsa
1564,fruits,butter,bread
1565,juice,salsa,salad
1566,butter,egg,juice
1567,juice,salsa,butter
1568,egg,dairy,bread
1569,salsa,juice,egg
1570,dairy,salsa,bread
1571,fruits,egg,juice
1572,egg,butter,salad
1573,juice,salsa,butter
1574,butter,dairy,juice
1575,bread,salsa,salad
1576,salsa,butter,egg
1577,egg,dairy,salsa
1578,egg,fruits,butter
1579,fruits,salad,bread
1580,salad,juice,salsa
1581,egg,fruits,salsa
1582,fruits,salad,bread
1583,butter,dairy,fruits
1584,salad,dairy,juice
1585,salad,dairy,fruits
1586,fruits,egg,butter
1587,fruits,salsa,salad
1588,bread,dairy,salsa
1589,salad,juice,dairy
1590,juice,fruits,egg
1591,salad,butter,dairy
1592,salsa,salad,juice
1593,butter,salad,bread
1594,bread,salsa,dairy
1595,bread,egg,salad
1596,dairy,juice,fruits
1597,dairy,fruits,salad
1598,juice,bread,salsa
1599,fruits,salsa,egg
1600,egg,dairy,butter
1601,salad,juice,butter
1602,salsa,dairy,egg
1603,bread,juice,fruits
1604,fruits,butter,egg
1605,dairy,juice,salsa
1606,egg,fruits,juice
1607,salsa,butter,salad
1608,dairy,salsa,fruits
1609,butter,egg,salad
1610,dairy,salad,butter
1611,salsa,juice,bread
1612,bread,salad,butter
1613,dairy,bread,juice
1614,salad,butter,egg
1615,butter,fruits,salsa
1616,dairy,butter,bread
1617,egg,salsa,bread
1618,fruits,juice,salsa
1619,egg,bread,butter
1620,juice,bread,fruits
1621,bread,fruits,juice
1622,juice,butter,dairy
1623,dairy,egg,salsa
1624,bread,fruits,dairy
1625,dairy,fruits,juice
1626,egg,fruits,salsa
1627,egg,fruits,salsa
1628,butter,bread,salad
1629,salsa,dairy,juice
1630,juice,dairy,salad
1631,bread,salad,butter
1632,fruits,salad,bread
1633,salsa,juice,salad
1634,salad,fruits,juice
1635,bread,butter,dairy
1636,egg,dairy,butter
1637,fruits,bread,juice
1638,egg,fruits,butter
1639,juice,fruits,dairy
1640,dairy,egg,salsa
1641,dairy,bread,juice
1642,butter,dairy,salsa
1643,butter,salad,dairy
1644,egg,juice,salad
1645,bread,egg,fruits
1646,salad,dairy,fruits
1647,fruits,egg,salad
1648,fruits,salad,bread
1649,egg,juice,fruits
1650,salsa,bread,juice
1651,dairy,bread,salsa
1652,butter,salsa,bread
1653,salsa,egg,juice
1654,salad,egg,bread
1655,butter,egg,juice
1656,bread,dairy,salad
1657,salsa,juice,egg
1658,dairy,bread,salsa
1659,egg,fruits,salsa
1660,dairy,juice,butter
1661,fruits,egg,juice
1662,salsa,juice,bread
1663,butter,salad,egg
1664,salsa,juice,dairy
1665,butter,dairy,juice
1666,juice,salsa,fruits
1667,fruits,salsa,dairy
1668,salad,dairy,juice
1669,juice,fruits,salsa
1670,juice,dairy,bread
1671,salsa,salad,dairy
1672,butter,bread,fruits
1673,fruits,salad,salsa
1674,salsa,juice,bread
1675,bread,fruits,butter
1676,dairy,bread,butter
1677,salsa,egg,butter
1678,egg,dairy,salad
1679,juice,egg,dairy
1680,fruits,salad,juice
1681,dairy,juice,butter
1682,butter,juice,salad
1683,fruits,butter,salad
1684,salad,bread,butter
1685,salad,juice,salsa
1686,butter,egg,dairy
1687,butter,egg,salsa
1688,egg,bread,fruits
1689,butter,dairy,salad
1690,butter,fruits,bread
1691,salad,juice,butter
1692,salad,fruits,egg
1693,salsa,egg,salad
1694,salsa,bread,dairy
1695,juice,bread,egg
1696,egg,salsa,butter
1697,salsa,dairy,fruits
1698,egg,bread,fruits
1699,bread,dairy,salsa
1700,juice,egg,salsa
1701,butter,bread,salsa
1702,bread,butter,salsa
1703,dairy,juice,egg
1704,butter,salsa,bread
1705,bread,salsa,egg
1706,egg,juice,butter
1707,salad,dairy,butter
1708,bread,juice,fruits
1709,butter,bread,salad
1710,salsa,bread,salad
1711,juice,dairy,salsa
1712,fruits,salsa,salad
1713,egg,salad,dairy
1714,butter,salsa,fruits
1715,egg,fruits,dairy
1716,butter,salsa,dairy
1717,salad,salsa,fruits
1718,dairy,bread,butter
1719,salad,egg,dairy
1720,salad,butter,salsa
1721,juice,salad,bread
1722,juice,egg,bread
1723,salad,butter,egg
1724,juice,dairy,salad
1725,juice,salad,salsa
1726,fruits,salsa,juice
1727,egg,salsa,dairy
1728,egg,fruits,salsa
1729,bread,egg,butter
1730,butter,egg,fruits
1731,salsa,butter,dairy
1732,juice,salsa,bread
1733,salsa,dairy,butter
1734,dairy,salsa,egg
1735,butter,salad,juice
1736,egg,salsa,fruits
1737,butter,egg,bread
1738,bread,egg,salsa
1739,fruits,bread,butter
1740,dairy,bread,juice
1741,fruits,dairy,egg
1742,salsa,salad,bread
1743,egg,salad,salsa
1744,fruits,bread,egg
1745,fruits,egg,salad
1746,salsa,dairy,salad
1747,butter,bread,fruits
1748,salad,salsa,fruits
1749,salad,egg,butter
1750,dairy,egg,fruits
1751,dairy,juice,salad
1752,egg,juice,bread
1753,fruits,egg,bread
1754,fruits,egg,dairy
1755,butter,fruits,juice
1756,egg,salsa,butter
1757,salsa,salad,fruits
1758,butter,dairy,bread
1759,egg,salad,butter
1760,fruits,salsa,butter
1761,salsa,egg,dairy
1762,fruits,dairy,butter
1763,salsa,salad,butter
1764,fruits,dairy,juice
1765,salad,fruits,juice
1766,fruits,salad,dairy
1767,salad,dairy,fruits
1768,juice,dairy,salad
1769,juice,butter,bread
1770,salsa,dairy,bread
1771,egg,salsa,salad
1772,salad,butter,bread
1773,egg,butter,salad
1774,salsa,egg,fruits
1775,salsa,egg,salad
1776,juice,salsa,fruits
1777,egg,butter,juice
1778,salsa,butter,bread
1779,bread,juice,salsa
1780,dairy,juice,fruits
1781,butter,bread,salad
1782,juice,egg,salsa
1783,salsa,bread,butter
1784,bread,salsa,egg
1785,salsa,fruits,egg
1786,salad,fruits,butter
1787,butter,salsa,dairy
1788,bread,egg,salsa
1789,egg,dairy,salsa
1790,bread,butter,juice
1791,butter,egg,salad
1792,bread,salad,juice
1793,dairy,butter,egg
1794,egg,butter,bread
1795,egg,juice,fruits
1796,dairy,egg,salad
1797,juice,dairy,egg
1798,dairy,fruits,juice
1799,butter,fruits,salsa
1800,dairy,salad,salsa
1801,salad,egg,juice
1802,egg,salsa,salad
1803,bread,salsa,fruits
1804,juice,salad,fruits
1805,egg,dairy,butter
1806,juice,bread,butter
1807,salsa,salad,butter
1808,bread,salad,salsa
1809,juice,dairy,salsa
1810,butter,juice,dairy
1811,egg,fruits,salsa
1812,dairy,salad,fruits
1813,dairy,egg,salsa
1814,salad,salsa,egg
1815,dairy,fruits,juice
1816,fruits,juice,bread
1817,salad,juice,salsa
1818,egg,salad,dairy
1819,juice,fruits,dairy
1820,salsa,egg,bread
1821,dairy,butter,juice
1822,juice,fruits,egg
1823,egg,juice,fruits
1824,dairy,egg,bread
1825,egg,fruits,butter
1826,salsa,egg,salad
1827,egg,butter,salsa
1828,butter,salsa,bread
1829,salad,salsa,juice
1830,salsa,juice,egg
1831,dairy,bread,butter
1832,bread,dairy,egg
1833,fruits,butter,salad
1834,bread,salsa,fruits
1835,egg,salsa,fruits
1836,dairy,egg,fruits
1837,fruits,dairy,egg
1838,juice,egg,fruits
1839,dairy,butter,egg
1840,bread,juice,salsa
1841,egg,juice,salad
1842,bread,salsa,juice
1843,egg,juice,bread
1844,butter,salad,dairy
1845,fruits,bread,juice
1846,juice,egg,salsa
1847,bread,butter,egg
1848,egg,bread,fruits
1849,salsa,juice,dairy
1850,juice,salsa,dairy
1851,fruits,dairy,salsa
1852,egg,juice,salad
1853,butter,bread,fruits
1854,salad,salsa,dairy
1855,butter,salad,juice
1856,salsa,salad,dairy
1857,butter,salad,fruits
1858,bread,juice,salad
1859,egg,dairy,juice
1860,salad,egg,bread
1861,fruits,butter,juice
1862,egg,salad,salsa
1863,egg,fruits,juice
1864,fruits,dairy,egg
1865,bread,fruits,butter
1866,dairy,fruits,salsa
1867,salad,butter,salsa
1868,egg,dairy,butter
1869,egg,juice,dairy
1870,egg,bread,fruits
1871,fruits,salsa,dairy
1872,fruits,salsa,bread
1873,salsa,fruits,butter
1874,fruits,salsa,egg
1875,egg,fruits,juice
1876,bread,juice,dairy
1877,egg,juice,butter
1878,butter,fruits,bread
1879,salad,bread,juice
1880,dairy,juice,butter
1881,salad,salsa,juice
1882,dairy,fruits,juice
1883,juice,fruits,bread
1884,egg,salsa,salad
1885,butter,bread,salsa
1886,egg,juice,fruits
1887,butter,salsa,salad
1888,salad,dairy,egg
1889,dairy,salad,bread
1890,butter,fruits,salad
1891,egg,dairy,bread
1892,fruits,juice,dairy
1893,butter,juice,bread
1894,butter,juice,bread
1895,salad,fruits,egg
1896,salad,egg,juice
1897,fruits,butter,salsa
1898,salsa,salad,fruits
1899,butter,juice,salsa
1900,dairy,bread,fruits
1901,egg,dairy,juice
1902,bread,salad,juice
1903,salsa,bread,juice
1904,fruits,butter,dairy
1905,dairy,egg,butter
1906,juice,bread,fruits
1907,juice,fruits,dairy
1908,fruits,salsa,juice
1909,dairy,butter,salad
1910,dairy,salad,fruits
1911,butter,salad,salsa
1912,dairy,salsa,butter
1913,salsa,bread,egg
1914,egg,dairy,fruits
1915,egg,butter,salad
1916,egg,butter,salsa
1917,salsa,bread,juice
1918,salsa,salad,juice
1919,fruits,butter,egg
1920,bread,butter,egg
1921,bread,butter,egg
1922,salsa,salad,dairy
1923,juice,egg,salsa
1924,salad,dairy,salsa
1925,egg,juice,butter
1926,fruits,salad,juice
1927,fruits,egg,juice
1928,butter,fruits,salad
1929,salsa,butter,egg
1930,butter,egg,fruits
1931,salsa,egg,butter
1932,egg,dairy,fruits
1933,juice,bread,butter
1934,bread,butter,egg
1935,juice,dairy,salad
1936,juice,dairy,salad
1937,salsa,bread,butter
1938,fruits,butter,salsa
1939,juice,salsa,butter
1940,salad,dairy,egg
1941,dairy,butter,egg
1942,salad,salsa,dairy
1943,egg,fruits,butter
1944,butter,juice,egg
1945,juice,egg,salad
1946,egg,salad,juice
1947,fruits,juice,egg
1948,bread,fruits,dairy
1949,butter,bread,juice
1950,salad,fruits,butter
1951,fruits,juice,salad
1952,juice,salad,dairy
1953,salsa,salad,bread
1954,salsa,dairy,salad
1955,bread,salsa,salad
1956,dairy,salad,salsa
1957,salad,butter,bread
1958,salsa,fruits,salad
1959,dairy,bread,juice
1960,dairy,salsa,bread
1961,bread,salad,juice
1962,salad,butter,egg
1963,salsa,egg,fruits
1964,fruits,salsa,bread
1965,salsa,fruits,salad
1966,butter,egg,juice
1967,egg,bread,juice
1968,salsa,butter,egg
1969,salad,fruits,dairy
1970,salsa,fruits,juice
1971,juice,egg,salsa
1972,bread,butter,salsa
1973,bread,juice,dairy
1974,dairy,juice,salsa
1975,fruits,bread,salad
1976,salsa,fruits,juice
1977,fruits,salsa,egg
1978,egg,salsa,dairy
1979,salsa,egg,bread
1980,juice,bread,salsa
1981,egg,juice,butter
1982,salad,butter,bread
1983,bread,salsa,butter
1984,fruits,egg,salsa
1985,dairy,juice,salad
1986,bread,dairy,salad
1987,bread,fruits,salad
1988,butter,bread,salad
1989,salad,egg,dairy
1990,egg,fruits,butter
1991,egg,dairy,juice
1992,bread,egg,butter
1993,juice,fruits,salsa
1994,salad,juice,salsa
1995,salad,juice,egg
1996,egg,juice,salsa
1997,egg,juice,butter
1998,bread,fruits,salad
1999,salsa,bread,butter
2000,bread,butter,juice
